Thomas,hi
Thomas,hi
Phil,butts
Sandy,You,Hook,12,True,30,6,1,1,6,5,14,12,Myself
Pickle,s,Tough,22,True,30,6,1,1,6,5,16,12,You
Tammy,Tommy,Timmy,33,True,30,6,1,1,6,8,7,11,Pens
Thomas,hi,Kapitolos,33,True,30,6,1,1,6,16,12,16,Betty
Thomas,hi,Kapitolos,33,True,30,6,1,1,6,11,3,15,Betty
poop,Test,tgibson16,33,True,30,6,1,1,6,5,10,18,23
Thomas,hi,Kapitolos,36,True,30,6,1,1,6,12,6,14,Dorotka
Thomas,hi,Kapitolos,36,True,30,6,1,1,6,12,3,8,Dorotka
Thomas,hi,Kapitolos,36,True,30,6,1,1,6,16,5,9,Dorotka
Thomas,hi,Kapitolos,36,True,30,6,1,1,6,11,14,16,Dorotka
Thomas,hi,Kapitolos,36,True,30,6,1,1,6,5,14,17,Dorotka
Thomas,hi,Kapitolos,36,True,30,6,1,1,6,3,8,8,Dorotka
Thomas,hi,Kapitolos,33,True,30,6,1,1,6,3,10,7,Dorotka
Thomas,hi,Kapitolos,33,True,30,6,1,1,6,4,16,9,Dorotka
Thomas,hi,Kapitolos,66,True,30,6,1,1,6,10,17,7,Dorotka
Thomas,hi,Kapitolos,33,True,30,6,1,1,6,3,3,13,Dorotka
Thomas,hi,Kapitolos,22,True,30,6,1,1,6,6,13,5,Dorotka
Thomas,hi,Kapitolos,33,True,30,6,1,1,6,13,15,5,Dorotka
Thomas,hi,Kapitolos,33,True,30,6,1,1,6,3,16,3,Dorotka
Bill,1111,Bill The Bitch Whore,33,True,30,6,1,1,6,8,13,17,Betty
Bill,sdf,Bill The Bitch Whore,33,True,30,6,1,1,6,11,14,13,33
Martin,pickle,Woohoo,33,True,30,6,1,1,6,10,16,17,Guns
333,242,3113,33,True,30,6,1,1,6,18,8,15,444
Thomas,333,2323,33,True,30,6,1,1,6,15,9,17,44
38,PAM,PAMMY,PPPAAAMAMMMM,33,True,30,6,1,1,6,7,4,16,MYSELF
39,Thomas,hi,Kapitolos,36,True,30,6,1,1,6,5,10,13,Dorotka
41,Thomas,sdf,Kapitolos,33,True,30,6,1,1,6,8,5,12,Dorotka
44,sdf,sdfsdf,sdfds,33,True,30,6,1,1,6,12,11,8,33
46,23432423,23,333,11,True,30,6,1,1,6,9,17,9,22
48,Stephen,123,ControllerFace,39,True,30,6,1,1,6,10,9,7,Money
50,Stephen,123,ControllerFace,39,True,30,6,1,1,6,17,11,3,Spaceships
52,Martin,111,George,99,True,30,6,1,1,6,3,5,13,Books
